id;review_text;reviewer_name;book_isbn;review_date
1;marketplace cleave doodle;beyond;huzzah hunt;2025-08-02
2;scamper finally entwine;unsung honesty provided;into;2025-08-02
3;mid than obnoxiously;astride fervently indeed;transparency hmph consequently;2025-08-02
4;digitize frantically gloat;although furthermore;saloon entry yesterday;2025-08-02
5;monocle legal;regarding;toward;2025-08-02
6;uh-huh psst before;where;overcharge reconsideration;2025-08-02
7;seldom safe;gleaming now;than;2025-08-02
8;since;insignificant buttery;drat as;2025-08-02
9;wearily reiterate;sesame yippee before;for excepting;2025-08-02
10;punctually mousse;whoever uneven following;which;2025-08-01
